Username,Full Name,Gender,Address,State Code,Email,Random Number
reginaldwood,Curtis Smith,M,342 Bennett Meadows Apt. 353 Lake Donald,ND 60509,vdavis@hotmail.com,21
hwinters,Mr. Walter Lopez,M,9016 Amanda Cliffs Jodyfurt,MD 11818,peterperez@yahoo.com,59
richardobrien,Olivia Morgan,F,74683 Grimes Estate Suite 749 New Kimberlyport,CO 72708,jkelley@hotmail.com,5
sarah18,Brian Rivas DDS,M,483 Gay Junction Suite 187 Josephland,CO 23315,tonybanks@hotmail.com,2
dleblanc,Dean Floyd,M,9769 Vicki Route Apt. 274 Lake Timothymouth,ID 05312,kayla41@yahoo.com,3
natashaclark,Robert Ryan,M,44501 Washington Rapids Apt. 618 West Samanth,NV 89311,icarlson@yahoo.com,2
emilylopez,Zachary Bryan,M,0737 Amber Tunnel Apt. 522 Blevinshaven,MD 12021,campbelljacqueline@gmail.com,9
andrewallen,Jessica Christensen,F,372 Graham Lodge Jacksonville,AL 22157,kelleybrenda@yahoo.com,2
rebecca72,Cassidy Martinez,F,9257 Miller Street Suite 121 Caitlynville,DE 21931,adam76@hotmail.com,7
heathercurry,Alicia Smith,F,535 Johnson Row Suite 492 South Rebekahfurt,DC 75139,patrick67@yahoo.com,34
abrooks,Joshua Faulkner,M,Unit 6030 Box 6985 DPO AE 62822,,grahamjoyce@hotmail.com,64
zbautista,Christine Silva,F,Unit 0630 Box 1642 DPO AA 65194,,judymitchell@gmail.com,12
rhondahouston,Tabitha Casey,F,2192 Richard Row Kennethburgh,MA 20136,irogers@yahoo.com,97
colejennifer,Valerie Nichols,F,047 James Shoal Suite 109 Lake Brendaview,WA 33488,bobbygray@yahoo.com,344
brian11,Daniel Delacruz,M,81881 Carrie Mews Apt. 392 Lake Josephland,OK 70624,albert18@gmail.com,37
brandonriley,Mrs. Briana Harmon MD,F,966 Thomas Rest Apt. 034 Kennethmouth,NV 89954,tinablack@hotmail.com,844
gwright,Brittany Mathews,F,191 Thomas Plaza Apt. 633 Ramirezstad,AR 21981,jameskirby@hotmail.com,278
tjohnson,Misty Kim,F,400 Martinez Prairie Justinfort,RI 16078,nicholasdaniels@gmail.com,84
adamsmaria,Erika Martin,F,USS Richardson FPO AA 82169,,ebennett@yahoo.com,389
katiemontoya,Joshua Hill,M,402 Sanchez Meadows Ericashire,SD 41313,jeffery31@yahoo.com,33
walkerjuan,Julie Frazier,F,033 Hughes Junction Lake Brandonberg,NM 66509,bruce12@hotmail.com,29
qparker,Kevin Henderson DDS,M,03459 Lee Streets Gonzalezton,NY 39724,adamhenderson@hotmail.com,22
paul75,Robert Taylor,M,3619 Anderson Pines Suite 073 South Marcusmouth,ND 21568,clarkkimberly@yahoo.com,88
ramseykathryn,Jessica Shepard,F,697 Elizabeth Summit Suite 028 New Heidi,AL 65566,hudsonkent@hotmail.com,343
stephenterry,Katherine Rodriguez,F,9315 Leah Ports Apt. 509 West Emily,UT 87145,clarkmichael@gmail.com,676
gharvey,James Mcdaniel,M,2421 Castillo Trafficway Deniseburgh,WY 89039,cardenaslori@gmail.com,4
lerebecca,Julie Rivera,F,Unit 4251 Box 7363 DPO AE 39510,,kanesusan@hotmail.com,4
gonzalezdavid,Joan Johnson,F,57839 Kevin Pines Suite 470 Port Tracyhaven,MT 91590,jeffrey06@yahoo.com,8
adrienne74,Mrs. Sierra Obrien,F,25634 Emily Streets Port Joshuatown,NY 50258,dharris@yahoo.com,0
lhall,Tasha Brown,F,3445 Ashley Rue Williamsbury,NJ 32461,william34@yahoo.com,1
briangomez,Jodi Patterson,F,Unit 0191 Box 4033 DPO AE 71127,,ogolden@yahoo.com,92
smithdanielle,Anthony Simpson,M,99292 Lyons Landing Suite 627 New Caitlyn,NC 24790,darrell88@hotmail.com,2
james41,Samuel Edwards,M,10552 Woods Port Apt. 134 Lake Michealhaven,MO 71319,lperez@hotmail.com,4
garrisonkara,Denise Adams,F,1389 Johnson Plain Suite 074 North Melissabury,HI 07834,michael32@yahoo.com,7
susan75,Mrs. Lori Russell,F,5255 Jay Stravenue Apt. 402 Johnsonland,CO 39320,shane69@gmail.com,65
kristengriffin,Travis Oconnell,M,9291 Gibson Locks Apt. 184 South Robertfurt,CT 78186,karina15@yahoo.com,0
kyle05,Daniel Watson,M,50476 Thomas Ville West Ronaldview,ID 63791,anthonyjohnson@yahoo.com,29
pmartin,Samantha Parker,F,822 Christopher Turnpike West Johnshire,MD 83484,danielle18@gmail.com,10
jasmin24,Kelly Espinoza,F,41233 Brian Flats Suite 140 East Leslie,NC 74989,torresjustin@hotmail.com,3
tracysmith,Heather Thomas,F,06135 Powers Lake Suite 921 Port Matthewville,GA 87269,smithjamie@hotmail.com,29
debra14,Michael Dawson,M,758 Kimberly Square Suite 729 Port Stephen,AL 98699,morganmichael@hotmail.com,11
rroberts,Dr. Aaron Bennett,M,0328 Erin Mill Apt. 464 Johnsonport,ND 86008,taylormorris@hotmail.com,0
nicoledavis,David Brown,M,206 Ryan Valleys Apt. 640 East Steven,KS 45911,lopezjennifer@gmail.com,91
wlong,Heather Wilson,F,437 Thomas Estates Suite 007 Port Madison,SC 06284,williamdanielle@hotmail.com,2
ajackson,Monica Cook,F,745 Amy Crest Suite 543 Lake Angel,OH 64067,elizabeth44@gmail.com,78
susan94,Patrick Mason,M,21400 Adam Mission Suite 912 North Richard,FL 62262,patricia07@yahoo.com,48
cassidy11,Joseph Wheeler,M,543 Megan Mountains Apt. 677 West Tammyfort,MD 23584,diana84@hotmail.com,3
villanuevachristopher,Karen Martin,F,8479 Johnson Overpass Apt. 250 South Andrew,SD 18095,ian15@yahoo.com,23
katherine32,Kimberly Stephens,F,7666 Scott Ports Apt. 199 West Tanyachester,FL 44156,justin92@yahoo.com,0
courtney30,Steven Moreno,M,891 Cook Hill Suite 271 Port Katelyn,HI 53716,matthewsara@hotmail.com,29
josephroberts,Mrs. Sandra Martin,F,71418 Taylor Trail Apt. 885 Ronaldshire,SD 23366,meagan82@gmail.com,56
amanda47,Anthony Yang,M,7469 Johnson Village Apt. 675 Johnport,AL 16060,kaylarodriguez@gmail.com,45
eric16,Heidi Michael,F,7119 Wright Falls Suite 379 North William,IA 97883,ashley92@yahoo.com,90
sherri42,Paula Turner,F,4497 Davis Plains Suite 892 New Barbarashire,VT 09803,brandon83@yahoo.com,44
bradley97,Brian Smith,M,4810 Ramirez Pine Suite 324 North Eric,FL 29240,kathleen52@yahoo.com,20
matthewmendez,Amanda Brown,F,270 Benjamin Harbor New Charlesfort,KS 29058,hendersonrachel@gmail.com,33
emilygomez,Paula Hamilton,F,4325 Lauren Pines Suite 677 New Matthewborough,NV 88413,nicholas31@gmail.com,17
perezjames,Kristen Simpson,F,1055 Donald Valleys Apt. 361 Kennethfurt,NE 20953,mwilliams@hotmail.com,59
ethomas,Joseph Cook,M,5777 Jose Glens Suite 894 Gomezfurt,LA 13225,cmcdonald@yahoo.com,38
joseph47,John Mendoza,M,2826 Parker Tunnel Port Derek,HI 18920,karen62@gmail.com,3
robin69,Mrs. Jennifer Campbell,F,20251 Kevin Field Apt. 765 Davidbury,OK 02161,christopher35@hotmail.com,1
adamsheather,Kristen Johnson,F,15332 Lisa Mountains Suite 095 Evansmouth,DE 71729,robert73@hotmail.com,73
katherine17,Kristina Allen,F,332 John Rapids Apt. 524 Lake Teresa,ME 76989,josephblair@yahoo.com,82
laura23,Jeffrey Garcia,M,9174 Chris Station Apt. 884 New Jenniferfurt,WA 39418,sgreen@hotmail.com,17
khanvanessa,Maria Rosales,F,467 David Lane Apt. 158 South Richard,ND 50564,mmartin@gmail.com,76
stacey79,Sharon Rodriguez,F,26200 Moore Union Apt. 140 South Nicholasport,SD 63634,blakejones@hotmail.com,24
wigginsmichelle,Elizabeth Rodriguez,F,132 Erin Pass Suite 083 West Dawnfort,ND 69315,michaelchristian@gmail.com,3
angelaperez,Leah Horton,F,257 Smith Roads West Jody,AR 44155,derekfrazier@hotmail.com,78
eric29,John Moore,M,2175 Logan Coves Apt. 979 West Karen,IA 11681,robert22@hotmail.com,11
hayesshelly,April Stevens,F,59647 Robert Trace South Scottville,IA 57220,steven79@hotmail.com,92
anthonygreen,Jacob Beck,M,9948 Christopher Turnpike Apt. 189 Brownfurt,LA 20479,katelyn51@yahoo.com,9
christina49,Cody Jackson,M,3782 Daniel Dale Suite 261 West Angelica,NE 73882,jamieharris@yahoo.com,12
cynthiagonzalez,Brittany Robinson,F,1512 Robert Place New Johnfort,MS 70879,myerskenneth@hotmail.com,6
morriskim,John Wood,M,375 Carter Field Suite 764 West Nicholasfort,NM 24926,gomezrobert@hotmail.com,7
david01,Deborah Wallace,F,370 Taylor Ridges Suite 724 North John,LA 28277,lsanchez@yahoo.com,44
vhernandez,Daniel Mendez,M,12040 Castillo Neck Apt. 724 West Edward,SD 99157,susanwilson@gmail.com,2
zhughes,Edward Wilson,M,3303 Larson Locks Apt. 165 East Elizabethchester,SD 64245,david85@gmail.com,98